-- Insert data into Publisher table
INSERT INTO Publisher (Publisher_ID, Name, Email, Address, Phone) VALUES (1, 'Sybex', '', '', ''),
(2, 'McGraw-Hill Osborne Media', '', '', ''),
(3, 'John Wiley & Sons', '', '', ''),
(4, 'Morgan Kaufmann', '', '', ''),
(5, 'Schmidt Ink, Inc.', '', '', ''),
(6, 'Addison-Wesley Pub Co', '', '', ''),
(7, 'Macromedia Press', '', '', ''),
(8, 'Addison-Wesley Publishing', '', '', ''),
(9, 'Wrox Press Inc', '', '', ''),
(10, 'Berkley Pub Group', '', '', ''),
(11, 'Penguin USA ', '', '', ''),
(12, 'O''Reilly & Associates', '', '', ''),
(13, 'McGraw-Hill Trade', '', '', ''),
(14, 'Picador', '', '', ''),
(15, 'St. Martin''s Press', '', '', ''),
(16, 'Crown Pub', '', '', ''),
(17, 'Little Brown & Company', '', '', ''),
(18, 'Simon & Schuster', '', '', ''),
(19, 'HarperCollins', '', '', ''),
(20, 'Jossey-Bass', '', '', ''),
(21, 'Multnomah Publishers Inc.', '', '', ''),
(22, 'Perennial', '', '', ''),
(23, 'Dell Pub Co', '', '', ''),
(24, 'Harlequin', '', '', ''),
(25, 'Viking Press', '', '', ''),
(26, 'Perseus Publishing', '', '', ''),
(27, 'Random House', '', '', ''),
(28, 'Knopf', '', '', ''),
(29, 'Wolfram Media, Inc.', '', '', ''),
(30, 'Fireside', '', '', ''),
(31, 'Random House Trade Paperbacks', '', '', ''),
(32, 'Gibbs Smith Publisher', '', '', ''),
(33, 'Taunton Pr', '', '', ''),
(34, 'Vendome Pr', '', '', ''),
(35, 'Clarkson N. Potter', '', '', ''),
(36, 'MIT Press', '', '', ''),
(37, 'McGraw-Hill/Irwin', '', '', ''),
(38, 'South-Western College Pub', '', '', ''),
(39, 'Prentice Hall', '', '', ''),
(40, 'Warner Books', '', '', ''),
(41, 'Scribner', '', '', ''),
(42, 'Pocket Books', '', '', ''),
(43, 'Pantheon Books', '', '', ''),
(44, 'Del Rey', '', '', ''),
(45, 'Doubleday', '', '', ''),
(46, 'Donald M. Grant Publisher, Inc.', '', '', ''),
(47, 'Vintage Books', '', '', ''),
(48, 'Scribner Paperback Fiction', '', '', ''),
(49, 'Harvest Books', '', '', ''),
(50, 'Harperperennial Library', '', '', ''),
(51, 'W.W. Norton & Company', '', '', ''),
(52, 'Harvard Univ Pr', '', '', ''),
(53, 'Prentice Hall PTR', '', '', ''),
(54, 'New Riders Publishing', '', '', ''),
(55, 'Ballantine Books ', '', '', ''),
(56, 'Ballantine Books', '', '', ''),
(57, 'Back Bay Books', '', '', ''),
(58, 'Anchor Books', '', '', ''),
(59, 'Putnam Pub Group', '', '', ''),
(60, 'Silhouette', '', '', ''),
(61, 'Lark Books', '', '', ''),
(62, 'Harper', '', '', '');

-- Insert data into Author table
INSERT INTO Author (Author_ID, F_Name, M_Name, L_Name) VALUES (1, 'Chip', NULL, 'Dawes'),
(2, 'Brian', NULL, 'Knight'),
(3, 'Ralph', NULL, 'Kimball'),
(4, 'Bill', NULL, 'Mann'),
(5, 'Ian', 'H.', 'Witten'),
(6, 'Robert', 'D.', 'Schmidt'),
(7, 'Ken', NULL, 'Henderson'),
(8, 'Paul', NULL, 'Litwin'),
(9, 'Ben', NULL, 'Forta'),
(10, 'Ramez', 'A.', 'Elmasri'),
(11, 'Rob', NULL, 'Vieira'),
(12, 'Paul', NULL, 'DuBois'),
(13, 'Laurell', 'K.', 'Hamilton'),
(14, 'Sue', 'Monk', 'Kidd'),
(15, 'Tara', NULL, 'Calishain'),
(16, 'Jay', 'P.', 'Decima'),
(17, 'Wladyslaw', NULL, 'Szpilman'),
(18, 'Roma', NULL, 'Ligocka'),
(19, 'Michael', NULL, 'Cunningham'),
(20, 'Larry', NULL, 'Bossidy'),
(21, 'James', NULL, 'Patterson'),
(22, 'Jeffery', NULL, 'Deaver'),
(23, 'Jacquelyn', NULL, 'Mitchard'),
(24, 'Patrick', NULL, 'Lencioni'),
(25, 'Mary', 'Higgins', 'Clark'),
(26, 'Dee', NULL, 'Henderson'),
(27, 'Ann', NULL, 'Patchett'),
(28, 'Karen', 'Marie', 'Moning'),
(29, 'Suzanne', NULL, 'Brockmann'),
(30, 'Steven', NULL, 'Pinker'),
(31, 'Albert-László', NULL, 'Barabási'),
(32, 'Edward', 'Osborne', 'Wilson'),
(33, 'Stephen', NULL, 'Wolfram'),
(34, 'Harold', NULL, 'McGee'),
(35, 'Francis', 'D.', 'Ching'),
(36, 'Virginia', NULL, 'McAlester'),
(37, 'Bryan', NULL, 'Burkhart'),
(38, 'Ralph', 'R.', 'Kylloe'),
(39, 'Leslie', 'Plummer', 'Clagett'),
(40, 'Gerard', NULL, 'Gefen'),
(41, 'Donald', NULL, 'Kaufman'),
(42, 'Simon', NULL, 'Benninga'),
(43, 'Benjamin', NULL, 'Czaczkes'),
(44, 'Mark', NULL, 'Grinblatt'),
(45, 'Robert', 'C.', 'Higgins'),
(46, 'Paul', 'Marcus', 'Fischer'),
(47, 'Donald', 'E.', 'Kieso'),
(48, 'Lawrence', NULL, 'Revsine'),
(49, 'Nicholas', NULL, 'Sparks'),
(50, 'Mary', 'Higgins', 'Clark'),
(51, 'Don', NULL, 'DeLillo'),
(52, 'Stephen', NULL, 'King'),
(53, 'Mark', 'Z.', 'Danielewski'),
(54, 'Michael', NULL, 'Romkey'),
(55, 'Chuck', NULL, 'Palahniuk'),
(56, 'Matthew', NULL, 'Delaney'),
(57, 'Stephen', NULL, 'King'),
(58, 'Don', NULL, 'DeLillo'),
(59, 'Ann', NULL, 'Patchett'),
(60, 'Steven', NULL, 'Pinker'),
(61, 'Simon', NULL, 'Benninga'),
(62, 'Jeffrey', 'M.', 'Wooldridge'),
(63, 'Steven', 'J.', 'Root'),
(64, 'Ken', NULL, 'Coffman'),
(65, 'Gerald', NULL, 'Carter'),
(66, 'Scott', NULL, 'Kelby'),
(67, 'B.', 'J.', 'Fogg'),
(68, 'Michael', NULL, 'Meyers'),
(69, 'Carl', NULL, 'Sagan'),
(70, 'Alice', NULL, 'Sebold'),
(71, 'Alice', NULL, 'Sebold'),
(72, 'Ian', NULL, 'McEwan'),
(73, 'Nora', NULL, 'Roberts'),
(74, 'Andy', NULL, 'Rae'),
(75, 'Joseph', NULL, 'Truini'),
(76, 'Terry', NULL, 'Pratchett');

-- Insert data into Book table
INSERT INTO Book (ISBN, Title, Price, Category, Year, Stock, Publisher_ID) VALUES (782140661, 'OCP: Oracle9i Certification Kit', 104.97, 'Computer', 2002, 10, 1),
(72227885, 'SQL Server 2000 for Experienced DBA''s', 34.99, 'Computer', 2003, 10, 2),
(471200247, 'The Data Warehouse Toolkit: The Complete Guide to Dimensional Modeling', 50.0, 'Computer', 2002, 10, 3),
(72227710, 'How To Do Everything with Your Tablet PC', 17.49, 'Computer', 2003, 10, 2),
(1558605525, 'Data Mining: Practical Machine Learning Tools and Techniques with Java Implementations', 49.95, 'Computer', 1999, 10, 4),
(972263608, 'Creating Documents with BusinessObjects 5.1', 99.0, 'Computer', 2002, 10, 5),
(201615762, 'The Guru''s Guide to Transact-SQL', 38.49, 'Computer', 2000, 10, 6),
(782140114, 'Access 2002 Developer''s Handbook Set', 69.99, 'Computer', 2001, 10, 1),
(321125169, 'ColdFusion MX Web Application Construction Kit', 38.49, 'Computer', 2002, 10, 7),
(805317554, 'Fundamentals of Database Systems ', 95.0, 'Computer', 1999, 10, 8),
(1861004486, 'Professional SQL Server 2000 Programming', 41.99, 'Computer', 2000, 10, 9),
(735712123, 'MySQL', 34.99, 'Computer', 2003, 10, 8),
(425188361, 'Cerulean Sins', 16.07, 'Literature & Fiction', 2003, 10, 10),
(142001740, 'The Secret Life of Bees', 14.0, 'Literature & Fiction', 2003, 10, 11),
(596004478, 'Google Hacks', 24.95, 'Computer', 2003, 10, 12),
(71414339, 'Investing in Fixer-Uppers : A Complete Guide to Buying Low, Fixing Smart, Adding Value, and Selling (or Renting) High', 18.95, 'Accounting & Finance', 2003, 10, 13),
(312311354, 'The Pianist', 13.0, 'Literature & Fiction', 2003, 10, 14),
(312287941, 'The Girl in the Red Coat: A Memoir', 25.95, 'Literature & Fiction', 2002, 10, 15),
(312243022, 'The Hours', 3.44, 'Literature & Fiction', 2000, 10, 14),
(609610570, 'Execution: The Discipline of Getting Things Done', 27.5, 'Reference', 2002, 10, 16),
(316602051, 'The Jester', 27.95, 'Literature & Fiction', 2003, 10, 17),
(743222008, 'The Vanished Man: A Lincoln Rhyme Novel', 25.0, 'Literature & Fiction', 2003, 10, 18),
(66214750, 'Twelve Times Blessed', 25.95, 'Literature & Fiction', 2003, 10, 19),
(787960756, 'The Five Dysfunctions of a Team: A Leadership Fable', 13.2, 'Accounting & Finance', 2002, 10, 20),
(743206061, 'The Second Time Around', 26.0, 'Accounting & Finance', 2003, 10, 18),
(1590520734, 'The Rescuer: The O''Malley Series', 12.99, 'Romance', 2003, 10, 21),
(60934417, 'Bel Canto: A Novel', 13.95, 'Romance', 2002, 10, 22),
(440237556, 'The Dark Highlander', 6.99, 'Romance', 2002, 10, 23),
(373272839, 'Letters to Kelly', 4.75, 'Romance', 2003, 10, 24),
(670031518, 'The Blank Slate: The Modern Denial of Human Nature', 27.95, 'Science', 2002, 10, 25),
(738206679, 'Linked: The New Science of Networks', 26.0, 'Science', 2002, 10, 26),
(0679768674, 'Consilience: The Unity of Knowledge', 15.0, 'Science', 1999, 10, 27),
(679450785, 'The Future of Life', 22.0, 'Science', 2002, 10, 28),
(1579550088, 'A New Kind of Science', 44.95, 'Science', 2002, 10, 29),
(684843285, 'ON FOOD AND COOKING', 22.0, 'Science', 1997, 10, 30),
(471358983, 'Building Construction Illustrated', 40.0, 'Home Design', 2000, 10, 3),
(394739698, 'A Field Guide to American Houses', 24.95, 'Home Design', 1984, 10, 31),
(1586851322, 'Prefab', 39.95, 'Home Design', 2002, 10, 32),
(1586851357, 'Cabins & Camps', 60.0, 'Home Design', 2002, 10, 32),
(1561586484, 'The New City Home: Smart Solutions for Metro Living', 24.95, 'Home Design', 2003, 10, 33),
(865659982, 'Composers'' Houses', 50.0, 'Home Design', 1998, 10, 34),
(517576600, 'Color: Natural Palettes for Painted Rooms', 50.0, 'Home Design', 1992, 10, 35),
(262024829, 'Financial Modeling ', 70.0, 'Accounting & Finance', 2000, 10, 36),
(72294337, 'Financial Markets & Corporate Strategy', 122.5, 'Accounting & Finance', 2001, 10, 37),
(72315318, 'Analysis for Financial Management', 79.2, 'Accounting & Finance', 2000, 10, 37),
(324107501, 'Advanced Accounting', 112.95, 'Accounting & Finance', 2001, 10, 38),
(471363049, 'Intermediate Accounting', 139.2, 'Accounting & Finance', 2001, 10, 3),
(130323519, 'Financial Reporting and Analysis ', 126.67, 'Accounting & Finance', 2001, 10, 39),
(446527793, 'The Guardian', 24.95, 'Literature & Fiction', 2003, 10, 40),
(743244249, 'Cosmopolis: A Novel', 25.0, 'Literature & Fiction', 2003, 10, 41),
(743467523, 'Dreamcatcher', 7.99, 'Horror', 2003, 10, 42),
(375703764, 'House of Leaves', 19.95, 'Horror', 2000, 10, 43),
(345452089, 'The Vampire''s Violin', 6.99, 'Horror', 2003, 10, 44),
(385504470, 'Lullaby: A Novel', 17.47, 'Horror', 2002, 10, 45),
(312276702, 'Jinn: A Novel', 24.95, 'Horror', 2003, 10, 15),
(743457358, 'Everything''s Eventual: 14 Dark Tales', 7.99, 'Horror', 2002, 10, 42),
(1880418568, 'Wolves of the Calla ', 35.0, 'Horror', 2003, 10, 46),
(743455967, 'On Writing', 7.99, 'Horror', 2002, 10, 42),
(140077022, 'White Noise ', 14.0, 'Literature & Fiction', 1991, 10, 11),
(679722955, 'The Names', 11.2, 'Literature & Fiction', 1989, 10, 47),
(684848155, 'UNDERWORLD: A NOVEL', 16.0, 'Literature & Fiction', 1998, 10, 48),
(471286168, 'Architecture: Form, Space, and Order', 39.95, 'Home Design', 1996, 10, 3),
(471288217, 'A Visual Dictionary of Architecture', 39.95, 'Home Design', 1996, 10, 3),
(156006219, 'The Magician''s Assistant', 13.0, 'Romance', 1998, 10, 49),
(60540753, 'Patron Saint of Liars', 13.95, 'Romance', 2003, 10, 50),
(393318486, 'How the Mind Works', 17.95, 'Science', 1999, 10, 51),
(60958332, 'The Language Instinct: How the Mind Creates Language', 10.5, 'Science', 2000, 10, 22),
(60958405, 'Words and Rules: The Ingredients of Language', 15.0, 'Science', 2000, 10, 22),
(393319407, 'The Diversity of Life', 16.95, 'Science', 1999, 10, 51),
(0674634424, 'On Human Nature', 18.95, 'Science', 1988, 10, 52),
(446608955, 'A Walk to Remember', 6.99, 'Literature & Fiction', 2000, 10, 40),
(446676098, 'The Notebook', 12.95, 'Literature & Fiction', 1999, 10, 40),
(446606812, 'Message in a Bottle', 7.5, 'Literature & Fiction', 1999, 10, 40),
(262521415, 'Numerical Techniques in Finance', 35.0, 'Accounting & Finance', 1989, 10, 36),
(262232197, 'Econometric Analysis of Cross Section and Panel Data', 74.95, 'Accounting & Finance', 2001, 10, 36),
(324113641, 'Introductory Econometrics: A Modern Approach', 107.95, 'Accounting & Finance', 2002, 10, 38),
(471391123, 'Beyond Coso : Internal Control to Enhance Corporate Governance', 50.0, 'Accounting & Finance', 2000, 10, 3),
(130998516, 'Real World FPGA Design with Verilog', 83.0, 'Computer', 1999, 10, 53),
(1565924916, 'Ldap System Administration', 39.95, 'Computer', 2003, 10, 12),
(735712360, 'The Photoshop Book for Digital Photographers', 39.99, 'Computer', 2003, 10, 54),
(735712379, 'Photoshop 7 Down & Dirty Tricks', 39.99, 'Computer', 2002, 10, 54),
(735713170, 'Mac OS X v. 10.2 Jaguar Killer Tips', 29.99, 'Computer', 2002, 10, 54),
(1558606432, 'Persuasive Technology: Using Computers to Change What We Think and Do', 34.95, 'Computer', 2002, 10, 4),
(72222743, 'A+ Certification All-in-One Exam Guide', 59.99, 'Computer', 2002, 10, 2),
(345409469, 'The Demon-Haunted World: Science As a Candle in the Dark', 14.95, 'Science', 1997, 10, 55),
(375508325, 'Cosmos', 35.0, 'Science', 2002, 10, 27),
(345336895, 'Broca''s Brain: Reflections on the Romance of Science', 6.99, 'Science', 1993, 10, 56),
(671004107, 'Contact', 7.99, 'Science', 1997, 10, 42),
(345376595, 'Pale Blue Dot: A Vision of the Human Future in Space', 12.95, 'Science', 1997, 10, 55),
(316666343, 'The Lovely Bones: A Novel', 21.95, 'Literature & Fiction', 2002, 10, 17),
(316096199, 'Lucky: A Memoir', 11.95, 'Literature & Fiction', 2002, 10, 57),
(0385721794, 'Atonement', 14.0, 'Literature & Fiction', 2003, 10, 58),
(385494246, 'Amsterdam', 12.0, 'Literature & Fiction', 1999, 10, 58),
(385494327, 'Black Dogs', 14.0, 'Literature & Fiction', 1999, 10, 58),
(385494149, 'Enduring Love', 13.0, 'Literature & Fiction', 1999, 10, 58),
(399149848, 'Birthright', 25.95, 'Literature & Fiction', 2003, 10, 59),
(373218192, 'Engaging The Enemy', 7.5, 'Literature & Fiction', 2003, 10, 60),
(373218257, 'Love By Design', 14.95, 'Literature & Fiction', 2003, 10, 24),
(399149392, 'Chesapeake Blue', 25.95, 'Literature & Fiction', 2002, 10, 59),
(1561584029, 'The Complete Illustrated Guide to Furniture and Cabinet Construction', 39.95, 'Home Design', 2001, 10, 33),
(1579902944, 'Choosing & Using Hand Tools', 19.95, 'Home Design', 2002, 10, 61),
(1561586196, 'Building a Shed', 19.95, 'Home Design', 2003, 10, 33),
(61092177, 'Small Gods', 7.99, 'Fantasy', 1994, 10, 62),
(60502935, 'Going Postal', 7.99, 'Fantasy', 2005, 10, 62),
(61020656, 'Pyramids', 7.99, 'Fantasy', 2001, 10, 62),
(60855925, 'The Color of Magic', 13.99, 'Fantasy', 2005, 10, 62),
(61020648, 'Guards! Guards!', 7.99, 'Fantasy', 2001, 10, 62),
(61161721, 'Unseen Academicals', 7.99, 'Fantasy', 2010, 10, 62);

-- Insert data into Written_By table
INSERT INTO Written_By (ISBN, Author_ID) VALUES (782140661, 1),
(72227885, 2),
(471200247, 3),
(72227710, 4),
(1558605525, 5),
(972263608, 6),
(201615762, 7),
(782140114, 8),
(321125169, 9),
(805317554, 10),
(1861004486, 11),
(735712123, 12),
(425188361, 13),
(142001740, 14),
(596004478, 15),
(71414339, 16),
(312311354, 17),
(312287941, 18),
(312243022, 19),
(609610570, 20),
(316602051, 21),
(743222008, 22),
(66214750, 23),
(787960756, 24),
(743206061, 25),
(1590520734, 26),
(60934417, 27),
(440237556, 28),
(373272839, 29),
(670031518, 30),
(738206679, 31),
(0679768674, 32),
(679450785, 32),
(1579550088, 33),
(684843285, 34),
(471358983, 35),
(394739698, 36),
(1586851322, 37),
(1586851357, 38),
(1561586484, 39),
(865659982, 40),
(517576600, 41),
(262024829, 42),
(262024829, 43),
(72294337, 44),
(72315318, 45),
(324107501, 46),
(471363049, 47),
(130323519, 48),
(446527793, 49),
(743206061, 50),
(743244249, 51),
(743467523, 52),
(375703764, 53),
(345452089, 54),
(385504470, 55),
(312276702, 56),
(743457358, 52),
(1880418568, 52),
(743455967, 52),
(140077022, 51),
(679722955, 51),
(684848155, 51),
(471286168, 35),
(471288217, 35),
(156006219, 27),
(60540753, 27),
(393318486, 30),
(60958332, 30),
(60958405, 30),
(393319407, 32),
(0674634424, 32),
(446608955, 49),
(446676098, 49),
(446606812, 49),
(262521415, 42),
(262232197, 62),
(324113641, 62),
(471391123, 63),
(130998516, 64),
(1565924916, 65),
(735712360, 66),
(735712379, 66),
(735713170, 66),
(1558606432, 67),
(72222743, 68),
(345409469, 69),
(375508325, 69),
(345336895, 69),
(671004107, 69),
(345376595, 69),
(316666343, 70),
(316096199, 70),
(0385721794, 72),
(385494246, 72),
(385494327, 72),
(385494149, 72),
(399149848, 73),
(373218192, 73),
(373218257, 73),
(399149392, 73),
(1561584029, 74),
(1579902944, 74),
(1561586196, 75),
(61092177, 76),
(60502935, 76),
(61020656, 76),
(60855925, 76),
(61020648, 76),
(61161721, 76);

-- Insert data into Warehouse table
INSERT INTO Warehouse (Warehouse_ID, Address, Capacity, Used_Space) VALUES
(1, '123 Warehouse St, New York, NY', 10000, 5000),
(2, '456 Warehouse Blvd, New York, NY', 20000, 15000),
(3, '789 Warehouse Ave, Hoboken, NJ', 15000, 12000),
(4, '101 Warehouse Ln, Boston, MA', 25000, 20000),
(5, '202 Warehouse Dr, San Francisco, CA', 18000, 15000),
(6, '303 Warehouse Rd, Los Angeles, CA', 22000, 19000),
(7, '404 Warehouse Pl, Chicago, IL', 14000, 12000),
(8, '505 Warehouse Ct, Houston, TX', 16000, 13000),
(9, '606 Warehouse Pkwy, Dallas, TX', 17000, 14000),
(10, '707 Warehouse Cir, Philadelphia, PA', 19000, 16000),
(11, '808 Warehouse Ave, Miami, FL', 11000, 9000),
(12, '909 Warehouse Blvd, Atlanta, GA', 13000, 11000),
(13, '1010 Warehouse St, Seattle, WA', 14500, 12000),
(14, '1111 Warehouse Ln, Denver, CO', 17500, 15000),
(15, '1212 Warehouse Dr, Phoenix, AZ', 15500, 13000),
(16, '1313 Warehouse Rd, San Diego, CA', 16500, 14000),
(17, '1414 Warehouse Pl, San Jose, CA', 18500, 16000),
(18, '1515 Warehouse Ct, Austin, TX', 13500, 11000),
(19, '1616 Warehouse Pkwy, Jacksonville, FL', 12500, 10000),
(20, '1717 Warehouse Cir, Columbus, OH', 19500, 17000);

-- Insert data into Are_Stored table
INSERT INTO Are_Stored (ISBN, Warehouse_ID) VALUES
(782140661, 1),
(72227885, 2),
(471200247, 3),
(72227710, 4),
(1558605525, 5),
(972263608, 6),
(201615762, 7),
(782140114, 8),
(321125169, 9),
(805317554, 10),
(1861004486, 11),
(735712123, 12),
(425188361, 13),
(142001740, 14),
(596004478, 15),
(71414339, 16),
(312311354, 17),
(312287941, 18),
(312243022, 19),
(609610570, 20),
(316602051, 1),
(743222008, 2),
(66214750, 3),
(787960756, 4),
(743206061, 5),
(1590520734, 6),
(60934417, 7),
(440237556, 8),
(373272839, 9),
(670031518, 10),
(738206679, 11),
(0679768674, 12),
(679450785, 13),
(1579550088, 14),
(684843285, 15),
(471358983, 16),
(394739698, 17),
(1586851322, 18),
(1586851357, 19),
(1561586484, 20),
(865659982, 1),
(517576600, 2),
(262024829, 3),
(72294337, 4),
(72315318, 5),
(324107501, 6),
(471363049, 7),
(130323519, 8),
(446527793, 9),
(743244249, 10),
(743467523, 11),
(375703764, 12),
(345452089, 13),
(385504470, 14),
(312276702, 15),
(743457358, 16),
(1880418568, 17),
(743455967, 18),
(140077022, 19),
(679722955, 20),
(684848155, 1),
(471286168, 2),
(471288217, 3),
(156006219, 4),
(60540753, 5),
(393318486, 6),
(60958332, 7),
(60958405, 8),
(393319407, 9),
(0674634424, 10),
(446608955, 11),
(446676098, 12),
(446606812, 13),
(262521415, 14),
(262232197, 15),
(324113641, 16),
(471391123, 17),
(130998516, 18),
(1565924916, 19),
(735712360, 20),
(735712379, 1),
(735713170, 2),
(1558606432, 3),
(72222743, 4),
(345409469, 5),
(375508325, 6),
(345336895, 7),
(671004107, 8),
(345376595, 9),
(316666343, 10),
(316096199, 11),
(0385721794, 12),
(385494246, 13),
(385494327, 14),
(385494149, 15),
(399149848, 16),
(373218192, 17),
(373218257, 18),
(399149392, 19),
(1561584029, 20),
(1579902944, 1),
(1561586196, 2),
(61092177, 3),
(60502935, 4),
(61020656, 5),
(60855925, 6),
(61020648, 7),
(61161721, 8);

-- Insert data into Employee table
INSERT INTO Employee (Employee_ID, F_Name, M_Name, L_Name, SSN, Phone, Salary) VALUES
(1, 'John', 'A', 'Doe', 123456789, 5551234567, 55000),
(2, 'Jane', 'B', 'Smith', 234567890, 5552345678, 60000),
(3, 'James', 'C', 'Brown', 345678901, 5553456789, 58000),
(4, 'Emily', 'D', 'Davis', 456789012, 5554567890, 62000),
(5, 'Michael', 'E', 'Wilson', 567890123, 5555678901, 63000),
(6, 'Sarah', 'F', 'Miller', 678901234, 5556789012, 59000),
(7, 'David', 'G', 'Martinez', 789012345, 5557890123, 61000),
(8, 'Laura', 'H', 'Garcia', 890123456, 5558901234, 57000),
(9, 'Chris', 'I', 'Anderson', 901234567, 5559012345, 65000),
(10, 'Amy', 'J', 'Thomas', 102345678, 5551023456, 56000),
(11, 'Brian', 'K', 'Jackson', 112345679, 5551123457, 64000),
(12, 'Rachel', 'L', 'White', 122345680, 5551223458, 66000),
(13, 'Kevin', 'M', 'Harris', 132345681, 5551323459, 67000),
(14, 'Olivia', 'N', 'Clark', 142345682, 5551423460, 63000),
(15, 'Jeff', 'O', 'Lewis', 152345683, 5551523461, 61000),
(16, 'Victoria', 'P', 'Young', 162345684, 5551623462, 62000),
(17, 'Frank', 'Q', 'Hall', 172345685, 5551723463, 59000),
(18, 'Sophia', 'R', 'Allen', 182345686, 5551823464, 65000),
(19, 'Ethan', 'S', 'King', 192345687, 5551923465, 60000),
(20, 'Madison', 'T', 'Scott', 202345688, 5552023466, 57000),
(21, 'Daniel', 'U', 'Green', 212345689, 5552123467, 62000),
(22, 'Grace', 'V', 'Baker', 222345690, 5552223468, 58000),
(23, 'Matthew', 'W', 'Gonzalez', 232345691, 5552323469, 63000),
(24, 'Hannah', 'X', 'Carter', 242345692, 5552423470, 66000),
(25, 'Anthony', 'Y', 'Mitchell', 252345693, 5552523471, 67000),
(26, 'Ava', 'Z', 'Perez', 262345694, 5552623472, 59000),
(27, 'Mark', 'A', 'Roberts', 272345695, 5552723473, 61000),
(28, 'Mia', 'B', 'Turner', 282345696, 5552823474, 64000),
(29, 'Ryan', 'C', 'Phillips', 292345697, 5552923475, 60000),
(30, 'Ella', 'D', 'Campbell', 302345698, 5553023476, 65000),
(31, 'Justin', 'E', 'Parker', 312345699, 5553123477, 62000),
(32, 'Zoe', 'F', 'Evans', 322345700, 5553223478, 58000),
(33, 'Joshua', 'G', 'Edwards', 332345701, 5553323479, 67000),
(34, 'Lily', 'H', 'Collins', 342345702, 5553423480, 63000),
(35, 'Nathan', 'I', 'Stewart', 352345703, 5553523481, 61000),
(36, 'Sofia', 'J', 'Sanchez', 362345704, 5553623482, 66000),
(37, 'Benjamin', 'K', 'Morris', 372345705, 5553723483, 62000),
(38, 'Chloe', 'L', 'Rogers', 382345706, 5553823484, 59000),
(39, 'Alexander', 'M', 'Reed', 392345707, 5553923485, 65000),
(40, 'Aria', 'N', 'Cook', 402345708, 5554023486, 67000),
(41, 'Samuel', 'O', 'Morgan', 412345709, 5554123487, 64000),
(42, 'Elizabeth', 'P', 'Bell', 422345710, 5554223488, 60000),
(43, 'Jacob', 'Q', 'Murphy', 432345711, 5554323489, 58000),
(44, 'Scarlett', 'R', 'Bailey', 442345712, 5554423490, 66000),
(45, 'Henry', 'S', 'Rivera', 452345713, 5554523491, 62000),
(46, 'Evelyn', 'T', 'Cooper', 462345714, 5554623492, 65000),
(47, 'Logan', 'U', 'Richardson', 472345715, 5554723493, 67000),
(48, 'Ella', 'V', 'Cox', 482345716, 5554823494, 59000),
(49, 'Lucas', 'W', 'Howard', 492345717, 5554923495, 63000),
(50, 'Zoe', 'X', 'Ward', 502345718, 5555023496, 61000),
(51, 'Gabriel', 'Y', 'Torres', 512345719, 5555123497, 66000),
(52, 'Layla', 'Z', 'Peterson', 522345720, 5555223498, 62000),
(53, 'Daniel', 'A', 'Gray', 532345721, 5555323499, 64000),
(54, 'Nora', 'B', 'Ramirez', 542345722, 5555423500, 61000),
(55, 'David', 'C', 'James', 552345723, 5555523501, 67000),
(56, 'Riley', 'D', 'Watson', 562345724, 5555623502, 65000),
(57, 'Adam', 'E', 'Brooks', 572345725, 5555723503, 60000),
(58, 'Victoria', 'F', 'Kelly', 582345726, 5555823504, 58000),
(59, 'Hunter', 'G', 'Sanders', 592345727, 5555923505, 67000),
(60, 'Lucy', 'H', 'Price', 602345728, 5556023506, 64000);

-- Insert data into Worker table
INSERT INTO Worker (Employee_ID) VALUES
(1),
(2),
(3),
(4),
(5),
(6),
(7),
(8),
(9),
(10),
(11),
(12),
(13),
(14),
(15),
(16),
(17),
(18),
(19),
(20);

-- Insert data into Guard table
INSERT INTO Guard (Employee_ID) VALUES
(21),
(22),
(23),
(24),
(25),
(26),
(27),
(28),
(29),
(30),
(31),
(32),
(33),
(34),
(35),
(36),
(37),
(38),
(39),
(40);

-- Insert data into Manager table
INSERT INTO Manager (Employee_ID) VALUES
(41),
(42),
(43),
(44),
(45),
(46),
(47),
(48),
(49),
(50),
(51),
(52),
(53),
(54),
(55),
(56),
(57),
(58),
(59),
(60);

-- Insert data into Customer table
INSERT INTO Customer (Customer_ID, F_Name, M_Name, L_Name, Email, Address, Phone, Account_ID, Total_Orders) VALUES
(1, 'John', 'A', 'Doe', 'john.doe@example.com', '123 Main St, New York, NY', 5551234567, 101, 5),
(2, 'Jane', 'B', 'Smith', 'jane.smith@example.com', '456 Elm St, New York, NY', 5552345678, 102, 3),
(3, 'James', 'C', 'Brown', 'james.brown@example.com', '789 Oak St, New York, NY', 5553456789, 103, 7),
(4, 'Emily', 'D', 'Davis', 'emily.davis@example.com', '101 Maple St, New York, NY', 5554567890, 104, 2),
(5, 'Michael', 'E', 'Wilson', 'michael.wilson@example.com', '202 Pine St, New York, NY', 5555678901, 105, 4),
(6, 'Sarah', 'F', 'Miller', 'sarah.miller@example.com', '303 Cedar St, New York, NY', 5556789012, 106, 6),
(7, 'David', 'G', 'Martinez', 'david.martinez@example.com', '404 Birch St, New York, NY', 5557890123, 107, 3),
(8, 'Laura', 'H', 'Garcia', 'laura.garcia@example.com', '505 Willow St, New York, NY', 5558901234, 108, 2),
(9, 'Chris', 'I', 'Anderson', 'chris.anderson@example.com', '606 Walnut St, New York, NY', 5559012345, 109, 5),
(10, 'Amy', 'J', 'Thomas', 'amy.thomas@example.com', '707 Chestnut St, New York, NY', 5551023456, 110, 4),
(11, 'Brian', 'K', 'Jackson', 'brian.jackson@example.com', '808 Spruce St, New York, NY', 5551123457, 111, 3),
(12, 'Rachel', 'L', 'White', 'rachel.white@example.com', '909 Aspen St, New York, NY', 5551223458, 112, 6),
(13, 'Kevin', 'M', 'Harris', 'kevin.harris@example.com', '1010 Fir St, New York, NY', 5551323459, 113, 2),
(14, 'Olivia', 'N', 'Clark', 'olivia.clark@example.com', '1111 Redwood St, New York, NY', 5551423460, 114, 5),
(15, 'Jeff', 'O', 'Lewis', 'jeff.lewis@example.com', '1212 Sequoia St, New York, NY', 5551523461, 115, 3),
(16, 'Victoria', 'P', 'Young', 'victoria.young@example.com', '1313 Cypress St, New York, NY', 5551623462, 116, 4),
(17, 'Frank', 'Q', 'Hall', 'frank.hall@example.com', '1414 Magnolia St, New York, NY', 5551723463, 117, 6),
(18, 'Sophia', 'R', 'Allen', 'sophia.allen@example.com', '1515 Dogwood St, New York, NY', 5551823464, 118, 2),
(19, 'Ethan', 'S', 'King', 'ethan.king@example.com', '1616 Poplar St, New York, NY', 5551923465, 119, 5),
(20, 'Madison', 'T', 'Scott', 'madison.scott@example.com', '1717 Linden St, New York, NY', 5552023466, 120, 4);

-- Insert data into Payment_Method table
INSERT INTO Payment_Method (Payment_Method_ID) VALUES
(1), (2), (3);

-- Insert data into Cash table
INSERT INTO Cash (Payment_Method_ID) VALUES
(1);

-- Insert data into Check_Payment table
INSERT INTO Check_Payment (Payment_Method_ID, Account_ID, Routing_ID) VALUES
(2, 101, 201),
(2, 102, 202),
(2, 103, 203),
(2, 104, 204),
(2, 105, 205),
(2, 106, 206),
(2, 107, 207),
(2, 108, 208),
(2, 109, 209),
(2, 110, 210),
(2, 111, 211),
(2, 112, 212),
(2, 113, 213),
(2, 114, 214),
(2, 115, 215),
(2, 116, 216),
(2, 117, 217),
(2, 118, 218),
(2, 119, 219),
(2, 120, 220);

-- Insert data into Card table
INSERT INTO Card (Payment_Method_ID, Type, Card_ID, Expiration, SSV) VALUES
(3, 'Visa', 1234567812345678, '2025-12-31', '123'),
(3, 'MasterCard', 2345678923456789, '2024-11-30', '234'),
(3, 'American Express', 3456789034567890, '2023-10-31', '345'),
(3, 'Discover', 4567890145678901, '2026-09-30', '456'),
(3, 'Visa', 5678901256789012, '2025-08-31', '567'),
(3, 'MasterCard', 6789012367890123, '2024-07-31', '678'),
(3, 'American Express', 7890123478901234, '2023-06-30', '789'),
(3, 'Discover', 8901234589012345, '2026-05-31', '890'),
(3, 'Visa', 9012345690123456, '2025-04-30', '901'),
(3, 'MasterCard', 1234567801234567, '2024-03-31', '012'),
(3, 'American Express', 2345678912345678, '2023-02-28', '123'),
(3, 'Discover', 3456789023456789, '2026-01-31', '234'),
(3, 'Visa', 4567890134567890, '2025-12-31', '345'),
(3, 'MasterCard', 5678901245678901, '2024-11-30', '456'),
(3, 'American Express', 6789012356789012, '2023-10-31', '567'),
(3, 'Discover', 7890123467890123, '2026-09-30', '678'),
(3, 'Visa', 8901234578901234, '2025-08-31', '789'),
(3, 'MasterCard', 9012345689012345, '2024-07-31', '890'),
(3, 'American Express', 1234567890123456, '2023-06-30', '901'),
(3, 'Discover', 2345678901234567, '2026-05-31', '012');

-- Insert data into Orders table
INSERT INTO Orders (Order_ID, Total, Day, Month, Year) VALUES
(1, 209.94, 5, 4, 2025),
(2, 34.99, 10, 4, 2025),
(3, 150.00, 15, 4, 2025),
(4, 17.49, 20, 4, 2025),
(5, 99.90, 25, 4, 2025),
(6, 99.00, 1, 5, 2025),
(7, 153.96, 5, 5, 2025),
(8, 139.98, 10, 5, 2025),
(9, 115.47, 15, 5, 2025),
(10, 95.00, 20, 5, 2025),
(11, 83.98, 25, 5, 2025),
(12, 34.99, 1, 6, 2025),
(13, 64.28, 5, 6, 2025),
(14, 28.00, 10, 6, 2025),
(15, 74.85, 15, 6, 2025),
(16, 18.95, 20, 6, 2025),
(17, 26.00, 25, 6, 2025),
(18, 77.85, 1, 7, 2025),
(19, 3.44, 5, 7, 2025),
(20, 45.00, 10, 7, 2025);

-- Insert data into Place table
INSERT INTO Place (Customer_ID, Order_ID) VALUES
(1, 1),
(2, 2),
(3, 3),
(4, 4),
(5, 5),
(6, 6),
(7, 7),
(8, 8),
(9, 9),
(10, 10),
(11, 11),
(12, 12),
(13, 13),
(14, 14),
(15, 15),
(16, 16),
(17, 17),
(18, 18),
(19, 19),
(20, 20);

-- Insert data into Pays_For table
INSERT INTO Pays_For (Customer_ID, Payment_Method_ID, Order_ID) VALUES
(1, 1, 1),
(2, 2, 2),
(3, 3, 3),
(4, 1, 4),
(5, 2, 5),
(6, 3, 6),
(7, 1, 7),
(8, 2, 8),
(9, 3, 9),
(10, 1, 10),
(11, 2, 11),
(12, 3, 12),
(13, 1, 13),
(14, 2, 14),
(15, 3, 15),
(16, 1, 16),
(17, 2, 17),
(18, 3, 18),
(19, 1, 19),
(20, 1, 20);

-- Insert data into Is_Fulfilled table
INSERT INTO Is_Fulfilled (Order_ID, Employee_ID) VALUES
(1, 1),
(2, 2),
(3, 3),
(4, 4),
(5, 5),
(6, 6),
(7, 7),
(8, 8),
(9, 9),
(10, 10),
(11, 11),
(12, 12),
(13, 13),
(14, 14),
(15, 15),
(16, 16),
(17, 17),
(18, 18),
(19, 19),
(20, 20);

-- Insert data into Are_Purchased table
INSERT INTO Are_Purchased (ISBN, Order_ID, Quantity) VALUES
(782140661, 1, 2),
(72227885, 2, 1),
(471200247, 3, 3),
(72227710, 4, 1),
(1558605525, 5, 2),
(972263608, 6, 1),
(201615762, 7, 4),
(782140114, 8, 2),
(321125169, 9, 3),
(805317554, 10, 1),
(1861004486, 11, 2),
(735712123, 12, 1),
(425188361, 13, 4),
(142001740, 14, 2),
(596004478, 15, 3),
(71414339, 16, 1),
(312311354, 17, 2),
(312287941, 18, 3),
(312243022, 19, 1),
(609610570, 20, 2);

-- Insert data into Has table
INSERT INTO Has (Employee_ID, Warehouse_ID) VALUES
(1, 1),
(2, 2),
(3, 3),
(4, 4),
(5, 5),
(6, 6),
(7, 7),
(8, 8),
(9, 9),
(10, 10),
(11, 11),
(12, 12),
(13, 13),
(14, 14),
(15, 15),
(16, 16),
(17, 17),
(18, 18),
(19, 19),
(20, 20),
(21, 1),
(22, 2),
(23, 3),
(24, 4),
(25, 5),
(26, 6),
(27, 7),
(28, 8),
(29, 9),
(30, 10),
(31, 11),
(32, 12),
(33, 13),
(34, 14),
(35, 15),
(36, 16),
(37, 17),
(38, 18),
(39, 19),
(40, 20),
(41, 1),
(42, 2),
(43, 3),
(44, 4),
(45, 5),
(46, 6),
(47, 7),
(48, 8),
(49, 9),
(50, 10),
(51, 11),
(52, 12),
(53, 13),
(54, 14),
(55, 15),
(56, 16),
(57, 17),
(58, 18),
(59, 19),
(60, 20);

-- Insert data into Is_Guarded table
INSERT INTO Is_Guarded (Guard_ID, Warehouse_ID) VALUES
(21, 1),
(22, 2),
(23, 3),
(24, 4),
(25, 5),
(26, 6),
(27, 7),
(28, 8),
(29, 9),
(30, 10),
(31, 11),
(32, 12),
(33, 13),
(34, 14),
(35, 15),
(36, 16),
(37, 17),
(38, 18),
(39, 19),
(40, 20);

-- Insert data into Is_Managed table
INSERT INTO Is_Managed (Manager_ID, Warehouse_ID) VALUES
(41, 1),
(42, 2),
(43, 3),
(44, 4),
(45, 5),
(46, 6),
(47, 7),
(48, 8),
(49, 9),
(50, 10),
(51, 11),
(52, 12),
(53, 13),
(54, 14),
(55, 15),
(56, 16),
(57, 17),
(58, 18),
(59, 19),
(60, 20);
